{
  "mode": "quick",
  "timestamp": "2025-09-19T04:20:16.199560+00:00",
  "changed_files": [
    "src/api/client.py",
    "src/api/config.py",
    "src/api/exceptions.py",
    "src/api/mock_data.py",
    "src/api/models.py",
    "src/api/__init__.py",
    "src/interfaces/schemas.py",
    "src/security/hardening.py",
    "src/security/__init__.py",
    "src/services/analytics_service.py",
    "src/services/excel_import_service.py",
    "src/services/excel_service.py",
    "src/services/export_service.py",
    "src/services/realtime_service.py",
    "src/services/report_service.py",
    "src/services/__init__.py",
    "src/ui/main.py",
    "src/ui/__init__.py",
    "src/application/commands/allocation.py",
    "src/application/services/allocation_service.py",
    "src/application/services/batch_processor.py",
    "src/domain/allocation/engine.py",
    "src/domain/allocation/rules.py",
    "src/domain/counter/service.py",
    "src/domain/counter/value_objects.py",
    "src/domain/mentor/entities.py",
    "src/domain/shared/errors.py",
    "src/domain/shared/events.py",
    "src/domain/shared/types.py",
    "src/domain/student/entities.py",
    "src/infrastructure/api/error_handlers.py",
    "src/infrastructure/api/routes.py",
    "src/infrastructure/cache/redis_cache.py",
    "src/infrastructure/config/load.py",
    "src/infrastructure/jobs/job_store.py",
    "src/infrastructure/messaging/dlq.py",
    "src/infrastructure/messaging/outbox.py",
    "src/infrastructure/monitoring/logging.py",
    "src/infrastructure/monitoring/metrics.py",
    "src/infrastructure/monitoring/perf.py",
    "src/infrastructure/persistence/models.py",
    "src/infrastructure/persistence/session.py",
    "src/infrastructure/resilience/retry.py",
    "src/infrastructure/security/auth.py",
    "src/infrastructure/security/rate_limit.py",
    "src/ui/core/app_state.py",
    "src/ui/core/event_bus.py",
    "src/ui/core/fonts.py",
    "src/ui/core/theme.py",
    "src/ui/core/__init__.py",
    "src/ui/dialogs/dashboard_settings_dialog.py",
    "src/ui/dialogs/__init__.py",
    "src/ui/pages/dashboard_page.py",
    "src/ui/pages/dashboard_presenter.py",
    "src/ui/pages/students_page.py",
    "src/ui/pages/students_presenter.py",
    "src/ui/pages/__init__.py",
    "src/ui/presenters/main_presenter.py",
    "src/ui/presenters/__init__.py",
    "src/ui/utils/async_utils.py",
    "src/ui/utils/error_handler.py",
    "src/ui/utils/__init__.py",
    "src/ui/widgets/async_button.py",
    "src/ui/widgets/dashboard_widget_manager.py",
    "src/ui/widgets/loading_overlay.py",
    "src/ui/widgets/statistic_card.py",
    "src/ui/widgets/__init__.py",
    "src/ui/windows/main_window.py",
    "src/ui/windows/__init__.py",
    "src/ui/pages/dialogs/confirm_dialog.py",
    "src/ui/pages/dialogs/export_progress_dialog.py",
    "src/ui/pages/dialogs/import_preview_dialog.py",
    "src/ui/pages/dialogs/student_dialog.py",
    "src/ui/pages/dialogs/__init__.py",
    "src/ui/widgets/charts/age_distribution_chart.py",
    "src/ui/widgets/charts/center_performance_chart.py",
    "src/ui/widgets/charts/chart_themes.py",
    "src/ui/widgets/charts/gender_distribution_chart.py",
    "src/ui/widgets/charts/registration_trend_chart.py",
    "src/ui/widgets/charts/__init__.py"
  ],
  "tests_run": [
    {
      "type": "quick",
      "command": [
        "pytest",
        "tests/integration/test_allocation_pipeline.py",
        "tests/performance/test_concurrency.py",
        "tests/performance/test_load.py",
        "tests/performance/test_performance_allocation.py",
        "tests/performance/test_resources.py",
        "tests/performance/test_stress.py",
        "tests/security/test_security_placeholders.py",
        "tests/test_client.py",
        "tests/test_counter.py",
        "tests/test_engine_integration.py",
        "tests/test_rules.py",
        "tests/test_security.py",
        "tests/ui/test_dashboard_page.py",
        "tests/ui/test_import_export.py",
        "tests/ui/test_realtime.py",
        "tests/ui/test_rtl_layout.py",
        "tests/ui/test_students_page.py",
        "tests/unit/test_counter_and_validation.py",
        "tests/unit/test_rules.py",
        "-vv",
        "--maxfail=1",
        "--disable-warnings"
      ],
      "returncode": 127,
      "files": [
        "tests/integration/test_allocation_pipeline.py",
        "tests/performance/test_concurrency.py",
        "tests/performance/test_load.py",
        "tests/performance/test_performance_allocation.py",
        "tests/performance/test_resources.py",
        "tests/performance/test_stress.py",
        "tests/security/test_security_placeholders.py",
        "tests/test_client.py",
        "tests/test_counter.py",
        "tests/test_engine_integration.py",
        "tests/test_rules.py",
        "tests/test_security.py",
        "tests/ui/test_dashboard_page.py",
        "tests/ui/test_import_export.py",
        "tests/ui/test_realtime.py",
        "tests/ui/test_rtl_layout.py",
        "tests/ui/test_students_page.py",
        "tests/unit/test_counter_and_validation.py",
        "tests/unit/test_rules.py"
      ]
    }
  ],
  "metrics": {},
  "warnings": []
}